chr4:153702908:A/G,TLR2-Start
chr4:153702934:G/A,TLR2-ST1
chr9:117708561:A/G,TLR4-SPA2
chr9:117712387:A/G,TLR4-SPA3
chr3:38139029:G/A,MyD88-SPD1
chr3:38140849:G/A,MyD88-SPD4
chr9:99137857:A/G,TGFBR1-SPA4
chr9:99144730:A/G,TGFBR1-SPA6
chr9:99132634:C/T,TGFBR1-ST1
chr2:102164772:A/G,IL1R1-SPA4
chr2:102166111:A/G,IL1R1-SPA6
chr11:117986535:G/A,IL10RA-SPD1
chr11:117993239:A/G,IL10RA-SPA4
chr6:137207079:A/G,IFNGR1-SPA1
chr21:33421686:G/A,IFNGR2-SPD3
chr21:33432252:C/T,IFNGR2-ST1
chr5:132487088:C/T,IRF1-ST1